model_type,name,s1_train_sec,s2_train_sec,target_scam,target_topic,thr_scam,thr_topic,calib_scam_fpr,calib_topic_fpr,holdout_scam_precision,holdout_scam_recall,holdout_scam_fpr,holdout_topic_precision,holdout_topic_recall,holdout_topic_fpr,holdout_micro_f1,holdout_macro_f1,holdout_exact
two_stage,s1_char__s2_char,4.88,7.43,0.02,0.2,0.8774868249893188,0.1520422399044037,0.01818181818181818,0.15315315315315314,0.8857142857142857,0.62,0.024390243902439025,0.7899159663865546,0.9215686274509803,0.22321428571428573,0.8256513026052104,0.8064895786931752,0.7570093457943925
two_stage,s1_nochar__s2_char,2.79,4.26,0.02,0.2,0.7879412174224854,0.16886694729328156,0.012121212121212121,0.15315315315315314,0.8571428571428571,0.6,0.03048780487804878,0.7899159663865546,0.9215686274509803,0.22321428571428573,0.819277108433735,0.7966314731020613,0.7570093457943925
