{
  "best_micro_f1": {
    "model": "base_nochar_e50_lr05",
    "policy": "relaxed_topic20",
    "train_sec": 17.66,
    "quant_sec": 2.24,
    "ftz_kb": 164.4,
    "thr_scam": 1.0,
    "thr_topic": 0.0003669706347864121,
    "calib_scam_fpr": 1.0,
    "calib_topic_fpr": 0.17777777777777778,
    "holdout_scam_precision": 0.7692307692307693,
    "holdout_scam_recall": 0.7843137254901961,
    "holdout_scam_fpr": 0.15,
    "holdout_topic_precision": 0.84,
    "holdout_topic_recall": 0.25149700598802394,
    "holdout_topic_fpr": 0.08421052631578947,
    "holdout_micro_f1": 0.6603174603174602,
    "holdout_macro_f1": 0.6649045592386325,
    "holdout_exact": 0.44274809160305345
  },
  "best_lowest_scam_fpr": {
    "model": "ng1_char_e50_lr05",
    "policy": "strict_topic03",
    "train_sec": 7.7,
    "quant_sec": 1.26,
    "ftz_kb": 158.3,
    "thr_scam": 1.0,
    "thr_topic": 0.01323282066732645,
    "calib_scam_fpr": 1.0,
    "calib_topic_fpr": 0.022222222222222223,
    "holdout_scam_precision": 0.7941176470588235,
    "holdout_scam_recall": 0.5294117647058824,
    "holdout_scam_fpr": 0.0875,
    "holdout_topic_precision": 0.9512195121951219,
    "holdout_topic_recall": 0.23353293413173654,
    "holdout_topic_fpr": 0.021052631578947368,
    "holdout_micro_f1": 0.5873015873015873,
    "holdout_macro_f1": 0.5801509492685963,
    "holdout_exact": 0.4618320610687023
  },
  "best_tradeoff_scam_fpr_le_0_08": null
}
