{
  "holdout": {
    "samples": 214,
    "exact": 0.6448598130841121,
    "metrics": {
      "clean": {
        "precision": 0.7661290322580645,
        "recall": 0.9405940594059405,
        "f1": 0.8444444444444444,
        "fpr": 0.25663716814159293,
        "support": 101
      },
      "topic_crypto": {
        "precision": 0.8571428571428571,
        "recall": 0.47058823529411764,
        "f1": 0.6075949367088607,
        "fpr": 0.07142857142857142,
        "support": 102
      },
      "scam": {
        "precision": 0.9117647058823529,
        "recall": 0.62,
        "f1": 0.7380952380952381,
        "fpr": 0.018292682926829267,
        "support": 50
      }
    },
    "micro_f1": 0.7451820128479657,
    "macro_f1": 0.7300448730828477
  },
  "valid": {
    "samples": 428,
    "exact": 0.6799065420560748,
    "metrics": {
      "clean": {
        "precision": 0.8059071729957806,
        "recall": 0.9408866995073891,
        "f1": 0.8681818181818182,
        "fpr": 0.20444444444444446,
        "support": 203
      },
      "topic_crypto": {
        "precision": 0.8925619834710744,
        "recall": 0.5294117647058824,
        "f1": 0.6646153846153846,
        "fpr": 0.05803571428571429,
        "support": 204
      },
      "scam": {
        "precision": 0.9428571428571428,
        "recall": 0.673469387755102,
        "f1": 0.7857142857142857,
        "fpr": 0.012121212121212121,
        "support": 98
      }
    },
    "micro_f1": 0.7824222936763129,
    "macro_f1": 0.7728371628371629
  }
}
