{
  "best_micro_f1": {
    "combo": "s1_nochar__s2_char",
    "s1_train_sec": 12.0,
    "s2_train_sec": 22.36,
    "target_scam": 0.02,
    "target_topic": 0.2,
    "thr_scam": 1.0,
    "thr_topic": 0.0695517510175705,
    "calib_scam_fpr": 1.0,
    "calib_topic_fpr": 0.2,
    "holdout_scam_precision": 0.8484848484848485,
    "holdout_scam_recall": 0.5490196078431373,
    "holdout_scam_fpr": 0.0625,
    "holdout_topic_precision": 0.9820359281437125,
    "holdout_topic_recall": 0.9820359281437125,
    "holdout_topic_fpr": 0.031578947368421054,
    "holdout_micro_f1": 0.9043478260869566,
    "holdout_macro_f1": 0.8758086663552328,
    "holdout_exact": 0.7633587786259542
  },
  "best_lowest_scam_fpr": {
    "combo": "s1_char__s2_char",
    "s1_train_sec": 9.28,
    "s2_train_sec": 22.36,
    "target_scam": 0.02,
    "target_topic": 0.03,
    "thr_scam": 1.0,
    "thr_topic": 1.0,
    "calib_scam_fpr": 1.0,
    "calib_topic_fpr": 1.0,
    "holdout_scam_precision": 0.8518518518518519,
    "holdout_scam_recall": 0.45098039215686275,
    "holdout_scam_fpr": 0.05,
    "holdout_topic_precision": 1.0,
    "holdout_topic_recall": 0.38323353293413176,
    "holdout_topic_fpr": 0.0,
    "holdout_micro_f1": 0.6219512195121951,
    "holdout_macro_f1": 0.6142469674068187,
    "holdout_exact": 0.5305343511450382
  },
  "best_scam_recall_with_scam_fpr_le_0_10": {
    "combo": "s1_nochar__s2_char",
    "s1_train_sec": 12.0,
    "s2_train_sec": 22.36,
    "target_scam": 0.02,
    "target_topic": 0.03,
    "thr_scam": 1.0,
    "thr_topic": 1.0,
    "calib_scam_fpr": 1.0,
    "calib_topic_fpr": 1.0,
    "holdout_scam_precision": 0.8484848484848485,
    "holdout_scam_recall": 0.5490196078431373,
    "holdout_scam_fpr": 0.0625,
    "holdout_topic_precision": 1.0,
    "holdout_topic_recall": 0.38323353293413176,
    "holdout_topic_fpr": 0.0,
    "holdout_micro_f1": 0.6534351145038167,
    "holdout_macro_f1": 0.6517180735930737,
    "holdout_exact": 0.5343511450381679
  }
}
