{
  "engine": "torch",
  "thresholds": {
    "scam": 0.6100000000000001,
    "topic_crypto": 0.6000000000000001
  },
  "tune_target_scam_fpr": 0.02,
  "valid_metrics_at_threshold": {
    "macro": {
      "f1": 0.8605977305381706,
      "precision": 0.8861947231512449,
      "recall": 0.8449522627405565
    },
    "metrics": {
      "clean": {
        "f1": 0.905311778290993,
        "fnr": 0.034482758620689655,
        "fpr": 0.1511111111111111,
        "precision": 0.8521739130434782,
        "recall": 0.9655172413793104,
        "support": 203.0
      },
      "scam": {
        "f1": 0.8181818181818182,
        "fnr": 0.2653061224489796,
        "fpr": 0.01818181818181818,
        "precision": 0.9230769230769231,
        "recall": 0.7346938775510204,
        "support": 98.0
      },
      "topic_crypto": {
        "f1": 0.8582995951417004,
        "fnr": 0.16535433070866143,
        "fpr": 0.046511627906976744,
        "precision": 0.8833333333333333,
        "recall": 0.8346456692913385,
        "support": 127.0
      }
    },
    "micro": {
      "f1": 0.8738317757009346,
      "precision": 0.8738317757009346,
      "recall": 0.8738317757009346
    }
  },
  "version": 1
}
